"Timestamp","Name","Qualification","Designation","Age","Gender","Marital Status","Are you aware of DLF company?","How do you come to know about DLF?","Are you a customer of DLF in real estate sector?","Do you feel that DLF is efficient in building brand image in real estate sector?","Do you really think that DLF is performing perfect brand awareness by promoting DLF IPL cricket matches?","Do you feel that DLF Brand name is influencing the buying behavior?","Retaining an existing customer is more profitable than finding a new customer.Do you agree","Do you feel that DLF is following the strategy mentioned in above question?","Brand loyalty refers to social status. Do you agree that DLF Following this strategy? ","DLF is creating a value to customers. Do you agree?","Do you think that DLF is attracting new customers to make purchases?","Do you think that DLF is creating a brand loyalty to customers?"
"2017/06/03 6:37:50 AM GMT+5:30","SP Anjali","B.tech","Student","18-30","Female","Unmarried","Yes","TELEVISION","No","Yes","Strongly Agree","Strongly Agree","Yes","Strongly Agree","Strongly Agree","Yes","Yes","Yes"
"2017/06/03 6:39:51 AM GMT+5:30","Konjeti Mahati","M.tech","Private job","30-45","Female","Married","Yes","NEWSPAPERS","Yes","Yes","Agree","Agree","Yes","Agree","Agree","Yes","Can't Say","Yes"
"2017/06/03 6:42:07 AM GMT+5:30","Akhil.N","B.tech","Student","18-30","Male","Unmarried","Yes","HORDINGS","No","Yes","Agree","Can't Say","Can't Say","Agree","Agree","Yes","Can't Say","Can't Say"
"2017/06/03 6:43:09 AM GMT+5:30","Hemantha","MBA","Consultant","30-45","Female","Married","Yes","ANY OTHER","No","Yes","Strongly Agree","Strongly Agree","Can't Say","Can't Say","Can't Say","Yes","Yes","Yes"
"2017/06/03 6:44:09 AM GMT+5:30","Srinija","Btech","Student","18-30","Female","Unmarried","Yes","WORD OF MOUTH","Yes","Yes","Strongly Agree","Strongly Agree","Yes","Strongly Agree","Strongly Agree","Yes","Yes","Yes"
"2017/06/03 6:45:35 AM GMT+5:30","Sahithi","Phd in Mathematics","Professor","45-60","Female","Married","Yes","NEWSPAPERS","Yes","Yes","Strongly Agree","Agree","Yes","Agree","Can't Say","Yes","Yes","Yes"
"2017/06/03 6:47:00 AM GMT+5:30","Priyanka","Mtech","Lecturer","30-45","Female","Married","Yes","WORD OF MOUTH","No","Yes","Can't Say","Can't Say","Yes","Can't Say","Can't Say","Can't Say","Can't Say","Can't Say"
"2017/06/03 6:49:14 AM GMT+5:30","Abhishek Reddy","MBA","Hr","30-45","Male","Married","Yes","TELEVISION","Yes","Yes","Agree","Strongly Agree","Yes","Strongly Agree","Strongly Agree","Yes","Yes","Yes"
"2017/06/03 6:50:28 AM GMT+5:30","Aranya","Btech","Programmer","18-30","Male","Unmarried","Yes","HORDINGS","No","Yes","Can't Say","Can't Say","Yes","Strongly Agree","Strongly Agree","Yes","Yes","Yes"
"2017/06/03 6:51:56 AM GMT+5:30","Ashish Jain","Mtech","Developer","18-30","Male","Married","Yes","TELEVISION","No","Yes","Strongly Agree","Strongly Agree","Yes","Strongly Agree","Strongly Agree","Yes","Yes","Yes"
"2017/06/03 6:52:57 AM GMT+5:30","Aravind Reddy","MBA","Student","18-30","Male","Unmarried","Yes","TELEVISION","No","Yes","Strongly Agree","Strongly Agree","Yes","Strongly Agree","Strongly Agree","Yes","Yes","Yes"
"2017/06/03 7:13:26 AM GMT+5:30","Chaitanya","Btech","Software Developer","30-45","Male","Married","Yes","TELEVISION","Yes","Yes","Strongly Agree","Strongly Agree","Yes","Strongly Agree","Strongly Disagree","Yes","Yes","Yes"
"2017/06/03 7:14:39 AM GMT+5:30","Chinna","Btech","Student","18-30","Male","Unmarried","Yes","TELEVISION","No","Yes","Strongly Agree","Agree","Yes","Can't Say","Agree","Can't Say","Can't Say","Yes"
"2017/06/03 7:18:20 AM GMT+5:30","Karan","Ms","Software developer","18-30","Male","Unmarried","Yes","TELEVISION","No","Yes","Can't Say","Strongly Agree","Yes","Can't Say","Strongly Agree","Yes","Yes","Can't Say"
"2017/06/03 7:19:37 AM GMT+5:30","Mazhar","Btech","Software developer","30-45","Male","Married","Yes","TELEVISION","No","Yes","Can't Say","Agree","Yes","Can't Say","Agree","Yes","Can't Say","Can't Say"
"2017/06/03 7:20:41 AM GMT+5:30","Muneer","Mtech","Software developer","30-45","Male","Married","Yes","NEWSPAPERS","No","Yes","Can't Say","Can't Say","Can't Say","Can't Say","Can't Say","Can't Say","Can't Say","Can't Say"
"2017/06/03 7:21:34 AM GMT+5:30","Rakesh Tela","Btech","Student","30-45","Male","Married","Yes","NEWSPAPERS","No","Yes","Can't Say","Can't Say","Can't Say","Can't Say","Can't Say","Can't Say","Can't Say","Can't Say"
"2017/06/03 7:22:45 AM GMT+5:30","Sahith","Btech","Software developer","30-45","Male","Married","Yes","WORD OF MOUTH","No","Yes","Agree","Agree","Can't Say","Can't Say","Agree","Can't Say","Can't Say","Can't Say"
"2017/06/03 7:23:25 AM GMT+5:30","Sainath Sagar","Btech","Student","30-45","Male","Married","Yes","WORD OF MOUTH","No","Yes","Agree","Agree","Can't Say","Can't Say","Agree","Can't Say","Can't Say","Can't Say"
"2017/06/03 7:24:37 AM GMT+5:30","Sourabh","MBA","Student","30-45","Male","Married","Yes","WORD OF MOUTH","No","Yes","Can't Say","Agree","Can't Say","Can't Say","Agree","Can't Say","Can't Say","Can't Say"
"2017/06/03 7:25:33 AM GMT+5:30","Srikar Vadloori","Mba","Student","30-45","Male","Married","Yes","WORD OF MOUTH","No","Yes","Agree","Agree","Yes","Disagree","Disagree","Can't Say","No","Can't Say"
"2017/06/03 7:26:31 AM GMT+5:30","Stephen","Btech","Software developer","30-45","Male","Married","Yes","ANY OTHER","No","Yes","Agree","Agree","Yes","Agree","Can't Say","Can't Say","Can't Say","Can't Say"
"2017/06/03 7:27:31 AM GMT+5:30","Vamshi","Mtech","Software developer","30-45","Male","Married","Yes","ANY OTHER","No","Yes","Agree","Agree","Yes","Agree","Can't Say","Can't Say","Can't Say","Can't Say"
"2017/06/03 12:02:43 PM GMT+5:30","S P Anjali","Btech","Student","18-30","Female","Unmarried","Yes","WORD OF MOUTH","No","Yes","Strongly Agree","Strongly Agree","Yes","Strongly Agree","Strongly Disagree","Yes","Yes","Yes"
"2017/06/03 12:05:03 PM GMT+5:30","S Mythili","12th","Student","18-30","Female","Unmarried","Yes","NEWSPAPERS","No","Yes","Strongly Agree","Strongly Agree","Yes","Can't Say","Disagree","Yes","Yes","Yes"
"2017/06/03 12:06:34 PM GMT+5:30","Bhavishya","Btech","Student","18-30","Female","Unmarried","Yes","TELEVISION","Yes","Yes","Strongly Agree","Strongly Agree","Yes","Strongly Agree","Strongly Disagree","Yes","Yes","Yes"
"2017/06/03 12:07:48 PM GMT+5:30","Meghna Reddy","Btech","Student","18-30","Female","Unmarried","Yes","HORDINGS","No","Yes","Strongly Agree","Can't Say","Can't Say","Can't Say","Agree","Yes","Yes","Yes"
"2017/06/03 12:07:55 PM GMT+5:30","SHEIK SHAHINA BANU","Btech","Student","18-30","Female","Unmarried","Yes","TELEVISION","Yes","Yes","Strongly Agree","Strongly Agree","Yes","Strongly Agree","Strongly Disagree","Yes","Yes","Yes"
"2017/06/03 12:08:39 PM GMT+5:30","Kavya Terala","Btech","Student","18-30","Female","Unmarried","Yes","TELEVISION","Yes","Yes","Strongly Agree","Strongly Agree","Yes","Strongly Agree","Strongly Disagree","Yes","Yes","Yes"
"2017/06/03 12:08:53 PM GMT+5:30","K.Kavitha ","Btech","Student","18-30","Female","Unmarried","Yes","TELEVISION","Yes","Yes","Strongly Agree","Strongly Agree","Yes","Strongly Agree","Strongly Disagree","Yes","Yes","Yes"
"2017/06/03 12:09:25 PM GMT+5:30","Haritha","Btech","Student","18-30","Female","Unmarried","Yes","TELEVISION","Yes","Yes","Strongly Agree","Strongly Agree","Yes","Strongly Agree","Strongly Disagree","Yes","Yes","Yes"
"2017/06/03 12:09:42 PM GMT+5:30","P.M.Kalpana Chowdary","Btech","Student","18-30","Female","Unmarried","Yes","TELEVISION","Yes","Yes","Strongly Agree","Strongly Agree","Yes","Strongly Agree","Strongly Disagree","Yes","Yes","Yes"
"2017/06/03 12:10:31 PM GMT+5:30","B.Sai Rohitha","Btech","Student","18-30","Female","Unmarried","Yes","TELEVISION","No","Can't Say","Strongly Agree","Strongly Agree","Yes","Strongly Agree","Strongly Disagree","Yes","Yes","Yes"
"2017/06/03 12:11:04 PM GMT+5:30","Akhila Achanta","Btech","Student","18-30","Female","Unmarried","No","ANY OTHER","No","Can't Say","Agree","Can't Say","Yes","Can't Say","Agree","Can't Say","Can't Say","Can't Say"
"2017/06/03 12:11:28 PM GMT+5:30","B.Akhila","Btech","Student","18-30","Female","Unmarried","Yes","TELEVISION","Yes","Yes","Strongly Agree","Strongly Agree","Yes","Strongly Agree","Strongly Disagree","Yes","Yes","Yes"
"2017/06/03 12:13:11 PM GMT+5:30","Isha Majumdaar","MBA","Employee","30-45","Female","Married","Yes","NEWSPAPERS","Yes","Yes","Agree","Strongly Agree","No","Strongly Agree","Strongly Disagree","Yes","Yes","Yes"
"2017/06/03 12:17:01 PM GMT+5:30","Ravali Moturi","Btech","Student","18-30","Female","Unmarried","Yes","TELEVISION","Yes","Yes","Strongly Agree","Strongly Agree","Yes","Strongly Agree","Strongly Disagree","Yes","Yes","Yes"
"2017/06/03 12:17:34 PM GMT+5:30","Srinivas Kumar","Btech","Employee","30-45","Male","Married","Yes","WORD OF MOUTH","No","Yes","Agree","Agree","No","Agree","Strongly Agree","Yes","Yes","Yes"
"2017/06/03 12:17:40 PM GMT+5:30","Akhila","Btech","Student","18-30","Female","Unmarried","Yes","TELEVISION","No","Yes","Agree","Agree","Yes","Strongly Agree","Strongly Disagree","Yes","Yes","Yes"
"2017/06/03 12:17:57 PM GMT+5:30","Akshara","Btech","Student","18-30","Female","Unmarried","Yes","ANY OTHER","No","Can't Say","Agree","Can't Say","Yes","Can't Say","Can't Say","Can't Say","Can't Say","Can't Say"
"2017/06/03 12:19:05 PM GMT+5:30","Kalyan Reddy","BTech","Student","18-30","Male","Unmarried","No","ANY OTHER","No","Can't Say","Can't Say","Can't Say","Can't Say","Can't Say","Can't Say","Can't Say","Can't Say","Can't Say"
"2017/06/03 12:19:17 PM GMT+5:30","Siva","Btech","Student","18-30","Male","Unmarried","Yes","TELEVISION","Yes","Yes","Strongly Agree","Strongly Agree","Yes","Strongly Agree","Strongly Disagree","Yes","Yes","Yes"
"2017/06/03 12:20:15 PM GMT+5:30","Priya","Btech","Student","18-30","Female","Unmarried","Yes","TELEVISION","Yes","Yes","Strongly Agree","Strongly Agree","Yes","Agree","Strongly Disagree","Yes","Yes","Yes"
"2017/06/03 12:20:43 PM GMT+5:30","Chaitanya","Btech","Student","18-30","Male","Unmarried","Yes","TELEVISION","Yes","Yes","Strongly Agree","Strongly Agree","Yes","Strongly Agree","Strongly Disagree","Yes","Yes","Yes"
"2017/06/03 12:21:04 PM GMT+5:30","Sharon Suriasetti","Degree","Student","18-30","Female","Unmarried","Yes","HORDINGS","Yes","Yes","Strongly Agree","Agree","Yes","Disagree","Strongly Agree","Yes","Yes","Yes"
"2017/06/03 12:21:13 PM GMT+5:30","Sindhu","Btech","Student","18-30","Male","Unmarried","Yes","TELEVISION","Yes","Yes","Strongly Agree","Strongly Agree","Yes","Strongly Agree","Strongly Disagree","Yes","Yes","Yes"
"2017/06/03 12:21:48 PM GMT+5:30","Sruthi","Btech","Student","18-30","Female","Unmarried","Yes","TELEVISION","Yes","Yes","Strongly Agree","Strongly Agree","Yes","Strongly Agree","Strongly Disagree","Yes","Yes","Yes"
"2017/06/03 12:22:08 PM GMT+5:30","Kishore","Btech","Student","18-30","Male","Unmarried","Yes","TELEVISION","Yes","Yes","Strongly Agree","Strongly Agree","Yes","Strongly Agree","Strongly Disagree","Yes","Yes","Yes"
"2017/06/03 12:22:09 PM GMT+5:30","Sai Shruthi Guduru","Btech","Student","18-30","Female","Unmarried","Yes","TELEVISION","Yes","Yes","Strongly Agree","Strongly Agree","Yes","Strongly Agree","Strongly Disagree","Yes","Yes","Yes"
"2017/06/03 12:22:25 PM GMT+5:30","Sakala","Btech","Student","18-30","Female","Unmarried","Yes","TELEVISION","Yes","Yes","Strongly Agree","Strongly Agree","Yes","Strongly Agree","Strongly Disagree","Yes","Yes","Yes"
"2017/06/03 12:22:44 PM GMT+5:30","Santhoshini Birru","10+2","Student","18-30","Female","Unmarried","Yes","TELEVISION","No","Yes","Strongly Agree","Agree","Yes","Can't Say","Strongly Agree","Yes","Yes","Yes"
"2017/06/03 12:23:02 PM GMT+5:30","Vineela","Btech","Student","18-30","Female","Unmarried","Yes","TELEVISION","No","Can't Say","Strongly Agree","Strongly Agree","Yes","Strongly Agree","Strongly Disagree","Yes","Yes","Yes"
"2017/06/03 12:23:13 PM GMT+5:30","Aiswarya","Btech","Student","18-30","Female","Unmarried","No","ANY OTHER","No","Yes","Strongly Agree","Strongly Agree","Yes","Strongly Agree","Strongly Disagree","Yes","Yes","Yes"
"2017/06/03 12:24:01 PM GMT+5:30","Rohit Kayla Reddy","BTech","Employee","30-45","Male","Married","Yes","TELEVISION","Yes","Yes","Agree","Strongly Agree","Yes","Strongly Agree","Agree","Yes","Yes","Yes"
"2017/06/03 12:24:44 PM GMT+5:30","K. Naga revathi","Btech","Student","18-30","Female","Unmarried","Yes","TELEVISION","Yes","Yes","Strongly Agree","Strongly Agree","Yes","Strongly Agree","Strongly Disagree","Yes","Yes","Yes"
"2017/06/03 12:25:38 PM GMT+5:30","A. Aishwarya reddy","Btech","Student","18-30","Female","Unmarried","Yes","TELEVISION","Yes","Yes","Strongly Agree","Strongly Agree","Yes","Strongly Agree","Strongly Disagree","Yes","Yes","Yes"
"2017/06/03 12:26:43 PM GMT+5:30","Tenali Nikhil","MBBS","Doctor","45-60","Male","Married","Yes","NEWSPAPERS","No","Yes","Strongly Agree","Agree","Yes","Strongly Agree","Strongly Agree","Yes","Yes","Yes"
"2017/06/03 12:28:19 PM GMT+5:30","Donapati Supriya","B.Arch","Student","18-30","Female","Unmarried","Yes","ANY OTHER","No","Yes","Strongly Agree","Strongly Agree","Yes","Strongly Agree","Strongly Agree","Yes","Yes","Yes"
"2017/06/03 12:28:52 PM GMT+5:30","Rithu","Btech","Student","18-30","Female","Unmarried","Yes","WORD OF MOUTH","No","Yes","Strongly Agree","Strongly Agree","Yes","Strongly Agree","Strongly Disagree","Yes","Yes","Yes"
"2017/06/03 12:29:29 PM GMT+5:30","K.Akhila","Btech","Student","18-30","Female","Unmarried","Yes","TELEVISION","Yes","Can't Say","Can't Say","Can't Say","Yes","Can't Say","Can't Say","Can't Say","Can't Say","Can't Say"
"2017/06/03 12:33:07 PM GMT+5:30","Vaishnavi Madhira","10+2","Student","18-30","Female","Unmarried","Yes","TELEVISION","No","No","Agree","Agree","Yes","Strongly Agree","Strongly Agree","Yes","Yes","Yes"
"2017/06/03 12:33:21 PM GMT+5:30","Bhagyasree","Btech","Student","18-30","Female","Unmarried","Yes","TELEVISION","No","Yes","Strongly Agree","Strongly Agree","Yes","Strongly Agree","Can't Say","Yes","Yes","Yes"
"2017/06/03 12:34:23 PM GMT+5:30","Neetu Singh","BTech","Self Employed","30-45","Female","Married","Yes","WORD OF MOUTH","Yes","Yes","Strongly Agree","Agree","Yes","Can't Say","Strongly Agree","Yes","Yes","Yes"
"2017/06/03 12:34:38 PM GMT+5:30","Hafsa Fatima","Btech","Student","18-30","Female","Unmarried","Yes","ANY OTHER","No","Can't Say","Strongly Agree","Can't Say","Yes","Can't Say","Can't Say","Can't Say","Can't Say","Can't Say"
"2017/06/03 12:37:39 PM GMT+5:30","Meghna Rao","MBA","Working","30-45","Female","Married","Yes","NEWSPAPERS","Yes","Yes","Strongly Agree","Agree","Yes","Strongly Agree","Strongly Agree","Yes","Yes","Yes"
"2017/06/03 12:38:44 PM GMT+5:30","Lasya Narkimelli","Btech","Student","18-30","Female","Unmarried","Yes","ANY OTHER","No","Yes","Strongly Agree","Strongly Agree","Yes","Strongly Agree","Strongly Disagree","Yes","Yes","Yes"
"2017/06/03 12:39:41 PM GMT+5:30","Adduri Sindhura","Btech","Student","18-30","Female","Unmarried","Yes","TELEVISION","Yes","Yes","Strongly Agree","Strongly Agree","Yes","Strongly Agree","Strongly Disagree","Yes","Yes","Yes"
"2017/06/03 12:41:49 PM GMT+5:30","Joel Edward Joseph","Btech","Employee","45-60","Male","Married","Yes","WORD OF MOUTH","No","Yes","Agree","Agree","Can't Say","Strongly Agree","Agree","Yes","Yes","Yes"
"2017/06/03 12:43:39 PM GMT+5:30","Vipul Thakur","BTech","Student","18-30","Male","Unmarried","Yes","TELEVISION","No","Yes","Can't Say","Agree","Yes","Strongly Agree","Strongly Agree","Yes","Yes","Yes"
"2017/06/03 1:29:29 PM GMT+5:30","Namratha","Btech","Student","18-30","Female","Unmarried","Yes","ANY OTHER","No","Yes","Strongly Agree","Strongly Agree","Yes","Strongly Agree","Strongly Disagree","Yes","Yes","Yes"
"2017/06/03 2:29:58 PM GMT+5:30","Bhuvana ","Btech","Student","18-30","Female","Unmarried","Yes","TELEVISION","Yes","Yes","Strongly Agree","Strongly Agree","Yes","Strongly Agree","Strongly Disagree","Yes","Yes","Yes"
"2017/06/03 2:31:44 PM GMT+5:30","Manogna","Btech","Student","18-30","Female","Unmarried","Yes","TELEVISION","Yes","Yes","Strongly Agree","Strongly Agree","Yes","Strongly Agree","Strongly Disagree","Yes","Yes","Yes"
"2017/06/03 2:50:26 PM GMT+5:30","Aishwarya ","Btech","Student","18-30","Female","Unmarried","Yes","TELEVISION","Yes","Yes","Strongly Agree","Strongly Agree","Yes","Strongly Agree","Strongly Disagree","Yes","Yes","Yes"